FlowName,Model_Calculated_Emission,Reference_Emission,FracDiff_Model_to_Ref
Carbon dioxide,1058333871424.786,1845657673700.9949,-0.4265817076995823
Methane,672472923.2849224,146978646.77100432,3.575310346493043
Nitrogen oxides,807090911.1278411,1332696638.8180044,-0.394392626484249
Nitrous oxide,6669697.416535888,24290085.65277731,-0.7254148251316158
Sulfur dioxide,215057807.83209422,1475291146.7779994,-0.8542268701999769
